thang,loai,dt_chinh,topup,thu_khac,tong_thu,nhan_su,mat_bang,rac_internet,vat_tu,dien_nuoc,marketing,di_lai,van_hanh_30s,sua_chua,chi_khac,thue,tong_chi,lai,bien_lai,pct_nhan_su,pct_mat_bang,pct_dien_nuoc,pct_vat_tu
T7/2025,Thường,132280000,3964820,2310000,138554820,63196445,28000000,2730000,12376909,13466168,0,0,330000,3100000,0,0,123199522,15355298,0.1108,0.4777,0.2117,0.1018,0.0936
T8/2025,Thường,155639229,6016390,1500000,163155619,73824753,28000000,0,11359000,16281223,850000,0,4400000,200000,0,0,134914976,28240643,0.1731,0.4743,0.1799,0.1046,0.073
T9/2025,Thường,141116000,4016619,1074000,146206619,73622590,26500000,0,7455200,13465787,0,0,5373333,0,0,0,126416910,19789709,0.1354,0.5217,0.1878,0.0954,0.0528
T10/2025,Thường,152665763,6335000,1895000,160895763,76665182,26508000,1709000,12579210,14032640,0,1646000,6200000,600000,0,0,139940032,20955731,0.1302,0.5022,0.1736,0.0919,0.0824
T11/2025,Thường,165143550,6451663,6004000,177599213,82908472,26173000,0,7309000,14218994,0,1196000,6200000,0,0,0,138005466,39593747,0.2229,0.502,0.1585,0.0861,0.0443
T12/2025,Thường,154475000,6478526,7039000,167992526,81728708,23406000,0,6931000,13947142,0,0,6200000,0,3000000,0,135212850,32779676,0.1951,0.5291,0.1515,0.0903,0.0449
T1/2026,Thường,149488483,4707000,3718000,157913483,86161129,23566000,790000,5826000,14244829,0,0,6200000,1050000,0,0,137837958,20075525,0.1271,0.5764,0.1576,0.0953,0.039
T2/2026,Tết,249143000,5048188,14999000,269190188,137226629,23566000,0,5061000,13197266,0,0,6200000,0,0,0,185250895,83939293,0.3118,0.5508,0.0946,0.053,0.0203
T3/2026,Thường,144376277,4450040,5706000,154532317,78250158,23010000,1140000,3572850,15048770,0,0,6200000,0,0,0,127221778,27310539,0.1767,0.542,0.1594,0.1042,0.0247
T4/2026,Thường,141028000,4130497,4666000,149824497,84081946,23566000,130000,3896000,13857242,0,303000,6200000,0,0,0,132034188,17790309,0.1187,0.5962,0.1671,0.0983,0.0276
T5/2026,Thường,143858561,5052339,4631000,153541900,75330643,24093000,130000,10737554,16291806,0,0,6200000,0,0,0,132783003,20758897,0.1352,0.5236,0.1675,0.1132,0.0746
T6/2026,Thường,145698349,4816701,3466000,153981050,78101380,23098000,460000,8759000,15088750,0,0,6200000,0,0,0,131707130,22273920,0.1447,0.536,0.1585,0.1036,0.0601
T7/2026,Thường,151043493,3924269,1000000,155967762,78644287,23186000,0,4883000,14251176,0,0,6200000,0,0,0,127164463,28803299,0.1847,0.5207,0.1535,0.0944,0.0323
T8/2026,Thường,165122434,2971910,1369000,169463344,85225303,23888000,500000,3972500,15697751,0,0,6200000,1400000,0,0,136883554,32579790,0.1923,0.5161,0.1447,0.0951,0.0241
T9/2026,Thường,143072787,2029780,1000000,146102567,72641856,22512373,470000,10190612,14286562,0,0,6893333,0,0,0,126994736,19107831,0.1308,0.5077,0.1573,0.0999,0.0712
